{
  "fio version" : "fio-3.3",
  "timestamp" : 1665467634,
  "timestamp_ms" : 1665467634540,
  "time" : "Tue Oct 11 01:53:54 2022",
  "global options" : {
    "iodepth" : "64",
    "direct" : "1",
    "ioengine" : "spdk",
    "thread" : "1",
    "runtime" : "60",
    "ramp_time" : "5",
    "cpus_allowed" : "7-8",
    "bs" : "256k",
    "rw" : "read",
    "ioengine" : "spdk",
    "thread" : "1",
    "group_reporting" : "1",
    "direct" : "1",
    "verify" : "0"
  },
  "jobs" : [
    {
      "jobname" : "test",
      "groupid" : 0,
      "error" : 0,
      "eta" : 0,
      "elapsed" : 67,
      "job options" : {
        "numjobs" : "1",
        "filename" : "trtype=PCIe traddr=0000.07.00.0 ns=1"
      },
      "read" : {
        "io_bytes" : 398017953792,
        "io_kbytes" : 388689408,
        "bw_bytes" : 6633079806,
        "bw" : 6477616,
        "iops" : 25302.141488,
        "runtime" : 60005,
        "total_ios" : 1518255,
        "short_ios" : 0,
        "drop_ios" : 0,
        "slat_ns" : {
          "min" : 424,
          "max" : 357473,
          "mean" : 480.057008,
          "stddev" : 293.288860
        },
        "clat_ns" : {
          "min" : 697941,
          "max" : 9976427,
          "mean" : 2528680.370034,
          "stddev" : 1424072.644267,
          "percentile" : {
            "1.000000" : 1318912,
            "5.000000" : 1482752,
            "10.000000" : 1548288,
            "20.000000" : 1630208,
            "30.000000" : 1695744,
            "40.000000" : 1761280,
            "50.000000" : 1826816,
            "60.000000" : 1925120,
            "70.000000" : 2146304,
            "80.000000" : 3719168,
            "90.000000" : 5013504,
            "95.000000" : 5799936,
            "99.000000" : 6782976,
            "99.500000" : 7110656,
            "99.900000" : 7700480,
            "99.950000" : 7962624,
            "99.990000" : 8224768,
            "0.00" : 0,
            "0.00" : 0,
            "0.00" : 0
          }
        },
        "lat_ns" : {
          "min" : 698418,
          "max" : 9976864,
          "mean" : 2529160.426717,
          "stddev" : 1424072.523859
        },
        "bw_min" : 6446080,
        "bw_max" : 6766592,
        "bw_agg" : 100.000000,
        "bw_mean" : 6483176.258333,
        "bw_dev" : 56740.741713,
        "bw_samples" : 120,
        "iops_min" : 25180,
        "iops_max" : 26432,
        "iops_mean" : 25324.658333,
        "iops_stddev" : 221.637394,
        "iops_samples" : 120
      },
      "write" : {
        "io_bytes" : 0,
        "io_kbytes" : 0,
        "bw_bytes" : 0,
        "bw" : 0,
        "iops" : 0.000000,
        "runtime" : 0,
        "total_ios" : 0,
        "short_ios" : 0,
        "drop_ios" : 0,
        "slat_ns" : {
          "min" : 0,
          "max" : 0,
          "mean" : 0.000000,
          "stddev" : 0.000000
        },
        "clat_ns" : {
          "min" : 0,
          "max" : 0,
          "mean" : 0.000000,
          "stddev" : 0.000000,
          "percentile" : {
            "1.000000" : 0,
            "5.000000" : 0,
            "10.000000" : 0,
            "20.000000" : 0,
            "30.000000" : 0,
            "40.000000" : 0,
            "50.000000" : 0,
            "60.000000" : 0,
            "70.000000" : 0,
            "80.000000" : 0,
            "90.000000" : 0,
            "95.000000" : 0,
            "99.000000" : 0,
            "99.500000" : 0,
            "99.900000" : 0,
            "99.950000" : 0,
            "99.990000" : 0,
            "0.00" : 0,
            "0.00" : 0,
            "0.00" : 0
          }
        },
        "lat_ns" : {
          "min" : 0,
          "max" : 0,
          "mean" : 0.000000,
          "stddev" : 0.000000
        },
        "bw_min" : 0,
        "bw_max" : 0,
        "bw_agg" : 0.000000,
        "bw_mean" : 0.000000,
        "bw_dev" : 0.000000,
        "bw_samples" : 0,
        "iops_min" : 0,
        "iops_max" : 0,
        "iops_mean" : 0.000000,
        "iops_stddev" : 0.000000,
        "iops_samples" : 0
      },
      "trim" : {
        "io_bytes" : 0,
        "io_kbytes" : 0,
        "bw_bytes" : 0,
        "bw" : 0,
        "iops" : 0.000000,
        "runtime" : 0,
        "total_ios" : 0,
        "short_ios" : 0,
        "drop_ios" : 0,
        "slat_ns" : {
          "min" : 0,
          "max" : 0,
          "mean" : 0.000000,
          "stddev" : 0.000000
        },
        "clat_ns" : {
          "min" : 0,
          "max" : 0,
          "mean" : 0.000000,
          "stddev" : 0.000000,
          "percentile" : {
            "1.000000" : 0,
            "5.000000" : 0,
            "10.000000" : 0,
            "20.000000" : 0,
            "30.000000" : 0,
            "40.000000" : 0,
            "50.000000" : 0,
            "60.000000" : 0,
            "70.000000" : 0,
            "80.000000" : 0,
            "90.000000" : 0,
            "95.000000" : 0,
            "99.000000" : 0,
            "99.500000" : 0,
            "99.900000" : 0,
            "99.950000" : 0,
            "99.990000" : 0,
            "0.00" : 0,
            "0.00" : 0,
            "0.00" : 0
          }
        },
        "lat_ns" : {
          "min" : 0,
          "max" : 0,
          "mean" : 0.000000,
          "stddev" : 0.000000
        },
        "bw_min" : 0,
        "bw_max" : 0,
        "bw_agg" : 0.000000,
        "bw_mean" : 0.000000,
        "bw_dev" : 0.000000,
        "bw_samples" : 0,
        "iops_min" : 0,
        "iops_max" : 0,
        "iops_mean" : 0.000000,
        "iops_stddev" : 0.000000,
        "iops_samples" : 0
      },
      "usr_cpu" : 99.868342,
      "sys_cpu" : 0.000000,
      "ctx" : 22,
      "majf" : 0,
      "minf" : 105,
      "iodepth_level" : {
        "1" : 0.100000,
        "2" : 0.100000,
        "4" : 0.100000,
        "8" : 0.100000,
        "16" : 0.100000,
        "32" : 0.100000,
        ">=64" : 108.314414
      },
      "latency_ns" : {
        "2" : 0.000000,
        "4" : 0.000000,
        "10" : 0.000000,
        "20" : 0.000000,
        "50" : 0.000000,
        "100" : 0.000000,
        "250" : 0.000000,
        "500" : 0.000000,
        "750" : 0.000000,
        "1000" : 0.000000
      },
      "latency_us" : {
        "2" : 0.000000,
        "4" : 0.000000,
        "10" : 0.000000,
        "20" : 0.000000,
        "50" : 0.000000,
        "100" : 0.000000,
        "250" : 0.000000,
        "500" : 0.000000,
        "750" : 0.010000,
        "1000" : 0.020813
      },
      "latency_ms" : {
        "2" : 65.828204,
        "4" : 16.488073,
        "10" : 17.666927,
        "20" : 0.000000,
        "50" : 0.000000,
        "100" : 0.000000,
        "250" : 0.000000,
        "500" : 0.000000,
        "750" : 0.000000,
        "1000" : 0.000000,
        "2000" : 0.000000,
        ">=2000" : 0.000000
      },
      "latency_depth" : 64,
      "latency_target" : 0,
      "latency_percentile" : 100.000000,
      "latency_window" : 0
    }
  ]
}
