{
  "fio version" : "fio-3.3",
  "timestamp" : 1665467563,
  "timestamp_ms" : 1665467563625,
  "time" : "Tue Oct 11 01:52:43 2022",
  "global options" : {
    "iodepth" : "64",
    "direct" : "1",
    "ioengine" : "spdk",
    "thread" : "1",
    "runtime" : "60",
    "ramp_time" : "5",
    "cpus_allowed" : "19-20",
    "bs" : "128k",
    "rw" : "read",
    "ioengine" : "spdk",
    "thread" : "1",
    "group_reporting" : "1",
    "direct" : "1",
    "verify" : "0"
  },
  "jobs" : [
    {
      "jobname" : "test",
      "groupid" : 0,
      "error" : 0,
      "eta" : 0,
      "elapsed" : 66,
      "job options" : {
        "numjobs" : "1",
        "filename" : "trtype=PCIe traddr=0000.7f.00.0 ns=1"
      },
      "read" : {
        "io_bytes" : 413229645824,
        "io_kbytes" : 403544576,
        "bw_bytes" : 6886931199,
        "bw" : 6725518,
        "iops" : 52542.065264,
        "runtime" : 60002,
        "total_ios" : 3152629,
        "short_ios" : 0,
        "drop_ios" : 0,
        "slat_ns" : {
          "min" : 66,
          "max" : 4580,
          "mean" : 84.284371,
          "stddev" : 16.951263
        },
        "clat_ns" : {
          "min" : 96649,
          "max" : 7241778,
          "mean" : 1217762.763920,
          "stddev" : 1041185.324340,
          "percentile" : {
            "1.000000" : 244736,
            "5.000000" : 317440,
            "10.000000" : 395264,
            "20.000000" : 468992,
            "30.000000" : 561152,
            "40.000000" : 724992,
            "50.000000" : 888832,
            "60.000000" : 1073152,
            "70.000000" : 1302528,
            "80.000000" : 1548288,
            "90.000000" : 2736128,
            "95.000000" : 3686400,
            "99.000000" : 5013504,
            "99.500000" : 5406720,
            "99.900000" : 6127616,
            "99.950000" : 6324224,
            "99.990000" : 6586368,
            "0.00" : 0,
            "0.00" : 0,
            "0.00" : 0
          }
        },
        "lat_ns" : {
          "min" : 96729,
          "max" : 7241866,
          "mean" : 1217847.048211,
          "stddev" : 1041185.314603
        },
        "bw_min" : 6453760,
        "bw_max" : 7300617,
        "bw_agg" : 100.000000,
        "bw_mean" : 6732874.175000,
        "bw_dev" : 161113.349133,
        "bw_samples" : 120,
        "iops_min" : 50420,
        "iops_max" : 57036,
        "iops_mean" : 52600.341667,
        "iops_stddev" : 1258.644646,
        "iops_samples" : 120
      },
      "write" : {
        "io_bytes" : 0,
        "io_kbytes" : 0,
        "bw_bytes" : 0,
        "bw" : 0,
        "iops" : 0.000000,
        "runtime" : 0,
        "total_ios" : 0,
        "short_ios" : 0,
        "drop_ios" : 0,
        "slat_ns" : {
          "min" : 0,
          "max" : 0,
          "mean" : 0.000000,
          "stddev" : 0.000000
        },
        "clat_ns" : {
          "min" : 0,
          "max" : 0,
          "mean" : 0.000000,
          "stddev" : 0.000000,
          "percentile" : {
            "1.000000" : 0,
            "5.000000" : 0,
            "10.000000" : 0,
            "20.000000" : 0,
            "30.000000" : 0,
            "40.000000" : 0,
            "50.000000" : 0,
            "60.000000" : 0,
            "70.000000" : 0,
            "80.000000" : 0,
            "90.000000" : 0,
            "95.000000" : 0,
            "99.000000" : 0,
            "99.500000" : 0,
            "99.900000" : 0,
            "99.950000" : 0,
            "99.990000" : 0,
            "0.00" : 0,
            "0.00" : 0,
            "0.00" : 0
          }
        },
        "lat_ns" : {
          "min" : 0,
          "max" : 0,
          "mean" : 0.000000,
          "stddev" : 0.000000
        },
        "bw_min" : 0,
        "bw_max" : 0,
        "bw_agg" : 0.000000,
        "bw_mean" : 0.000000,
        "bw_dev" : 0.000000,
        "bw_samples" : 0,
        "iops_min" : 0,
        "iops_max" : 0,
        "iops_mean" : 0.000000,
        "iops_stddev" : 0.000000,
        "iops_samples" : 0
      },
      "trim" : {
        "io_bytes" : 0,
        "io_kbytes" : 0,
        "bw_bytes" : 0,
        "bw" : 0,
        "iops" : 0.000000,
        "runtime" : 0,
        "total_ios" : 0,
        "short_ios" : 0,
        "drop_ios" : 0,
        "slat_ns" : {
          "min" : 0,
          "max" : 0,
          "mean" : 0.000000,
          "stddev" : 0.000000
        },
        "clat_ns" : {
          "min" : 0,
          "max" : 0,
          "mean" : 0.000000,
          "stddev" : 0.000000,
          "percentile" : {
            "1.000000" : 0,
            "5.000000" : 0,
            "10.000000" : 0,
            "20.000000" : 0,
            "30.000000" : 0,
            "40.000000" : 0,
            "50.000000" : 0,
            "60.000000" : 0,
            "70.000000" : 0,
            "80.000000" : 0,
            "90.000000" : 0,
            "95.000000" : 0,
            "99.000000" : 0,
            "99.500000" : 0,
            "99.900000" : 0,
            "99.950000" : 0,
            "99.990000" : 0,
            "0.00" : 0,
            "0.00" : 0,
            "0.00" : 0
          }
        },
        "lat_ns" : {
          "min" : 0,
          "max" : 0,
          "mean" : 0.000000,
          "stddev" : 0.000000
        },
        "bw_min" : 0,
        "bw_max" : 0,
        "bw_agg" : 0.000000,
        "bw_mean" : 0.000000,
        "bw_dev" : 0.000000,
        "bw_samples" : 0,
        "iops_min" : 0,
        "iops_max" : 0,
        "iops_mean" : 0.000000,
        "iops_stddev" : 0.000000,
        "iops_samples" : 0
      },
      "usr_cpu" : 99.881669,
      "sys_cpu" : 0.000000,
      "ctx" : 21,
      "majf" : 0,
      "minf" : 130,
      "iodepth_level" : {
        "1" : 0.100000,
        "2" : 0.100000,
        "4" : 0.100000,
        "8" : 0.100000,
        "16" : 0.100000,
        "32" : 0.100000,
        ">=64" : 108.008903
      },
      "latency_ns" : {
        "2" : 0.000000,
        "4" : 0.000000,
        "10" : 0.000000,
        "20" : 0.000000,
        "50" : 0.000000,
        "100" : 0.000000,
        "250" : 0.000000,
        "500" : 0.000000,
        "750" : 0.000000,
        "1000" : 0.000000
      },
      "latency_us" : {
        "2" : 0.000000,
        "4" : 0.000000,
        "10" : 0.000000,
        "20" : 0.000000,
        "50" : 0.000000,
        "100" : 0.010000,
        "250" : 1.171657,
        "500" : 22.668636,
        "750" : 19.253042,
        "1000" : 12.855905
      },
      "latency_ms" : {
        "2" : 29.089151,
        "4" : 11.339552,
        "10" : 3.624023,
        "20" : 0.000000,
        "50" : 0.000000,
        "100" : 0.000000,
        "250" : 0.000000,
        "500" : 0.000000,
        "750" : 0.000000,
        "1000" : 0.000000,
        "2000" : 0.000000,
        ">=2000" : 0.000000
      },
      "latency_depth" : 64,
      "latency_target" : 0,
      "latency_percentile" : 100.000000,
      "latency_window" : 0
    }
  ]
}
