{
  "fio version" : "fio-3.3",
  "timestamp" : 1665620206,
  "timestamp_ms" : 1665620206260,
  "time" : "Wed Oct 12 20:16:46 2022",
  "global options" : {
    "iodepth" : "128",
    "direct" : "1",
    "ioengine" : "spdk",
    "thread" : "1",
    "runtime" : "300",
    "ramp_time" : "5",
    "cpus_allowed" : "15",
    "bs" : "1024k",
    "rw" : "randread",
    "ioengine" : "spdk",
    "thread" : "1",
    "group_reporting" : "1",
    "direct" : "1",
    "verify" : "0"
  },
  "jobs" : [
    {
      "jobname" : "test",
      "groupid" : 0,
      "error" : 0,
      "eta" : 0,
      "elapsed" : 307,
      "job options" : {
        "numjobs" : "1",
        "filename" : "trtype=PCIe  traddr=0000.a1.00.0 ns=1 "
      },
      "read" : {
        "io_bytes" : 2236084125696,
        "io_kbytes" : 2183675904,
        "bw_bytes" : 7453265933,
        "bw" : 7278580,
        "iops" : 7107.591646,
        "runtime" : 300014,
        "total_ios" : 2132377,
        "short_ios" : 0,
        "drop_ios" : 0,
        "slat_ns" : {
          "min" : 266,
          "max" : 33427,
          "mean" : 2792.931596,
          "stddev" : 1563.119806
        },
        "clat_ns" : {
          "min" : 13878105,
          "max" : 37578385,
          "mean" : 17993562.362022,
          "stddev" : 432642.932775,
          "percentile" : {
            "1.000000" : 17432576,
            "5.000000" : 17694720,
            "10.000000" : 17694720,
            "20.000000" : 17956864,
            "30.000000" : 17956864,
            "40.000000" : 17956864,
            "50.000000" : 17956864,
            "60.000000" : 17956864,
            "70.000000" : 17956864,
            "80.000000" : 17956864,
            "90.000000" : 18219008,
            "95.000000" : 19005440,
            "99.000000" : 19791872,
            "99.500000" : 20316160,
            "99.900000" : 21102592,
            "99.950000" : 21364736,
            "99.990000" : 23199744,
            "0.00" : 0,
            "0.00" : 0,
            "0.00" : 0
          }
        },
        "lat_ns" : {
          "min" : 13879939,
          "max" : 37580182,
          "mean" : 17996355.189577,
          "stddev" : 432797.100264
        },
        "bw_min" : 7260530,
        "bw_max" : 7369068,
        "bw_agg" : 100.000000,
        "bw_mean" : 7314896.625000,
        "bw_dev" : 32111.051260,
        "bw_samples" : 600,
        "iops_min" : 7090,
        "iops_max" : 7196,
        "iops_mean" : 7142.966667,
        "iops_stddev" : 31.172827,
        "iops_samples" : 600
      },
      "write" : {
        "io_bytes" : 0,
        "io_kbytes" : 0,
        "bw_bytes" : 0,
        "bw" : 0,
        "iops" : 0.000000,
        "runtime" : 0,
        "total_ios" : 0,
        "short_ios" : 0,
        "drop_ios" : 0,
        "slat_ns" : {
          "min" : 0,
          "max" : 0,
          "mean" : 0.000000,
          "stddev" : 0.000000
        },
        "clat_ns" : {
          "min" : 0,
          "max" : 0,
          "mean" : 0.000000,
          "stddev" : 0.000000,
          "percentile" : {
            "1.000000" : 0,
            "5.000000" : 0,
            "10.000000" : 0,
            "20.000000" : 0,
            "30.000000" : 0,
            "40.000000" : 0,
            "50.000000" : 0,
            "60.000000" : 0,
            "70.000000" : 0,
            "80.000000" : 0,
            "90.000000" : 0,
            "95.000000" : 0,
            "99.000000" : 0,
            "99.500000" : 0,
            "99.900000" : 0,
            "99.950000" : 0,
            "99.990000" : 0,
            "0.00" : 0,
            "0.00" : 0,
            "0.00" : 0
          }
        },
        "lat_ns" : {
          "min" : 0,
          "max" : 0,
          "mean" : 0.000000,
          "stddev" : 0.000000
        },
        "bw_min" : 0,
        "bw_max" : 0,
        "bw_agg" : 0.000000,
        "bw_mean" : 0.000000,
        "bw_dev" : 0.000000,
        "bw_samples" : 0,
        "iops_min" : 0,
        "iops_max" : 0,
        "iops_mean" : 0.000000,
        "iops_stddev" : 0.000000,
        "iops_samples" : 0
      },
      "trim" : {
        "io_bytes" : 0,
        "io_kbytes" : 0,
        "bw_bytes" : 0,
        "bw" : 0,
        "iops" : 0.000000,
        "runtime" : 0,
        "total_ios" : 0,
        "short_ios" : 0,
        "drop_ios" : 0,
        "slat_ns" : {
          "min" : 0,
          "max" : 0,
          "mean" : 0.000000,
          "stddev" : 0.000000
        },
        "clat_ns" : {
          "min" : 0,
          "max" : 0,
          "mean" : 0.000000,
          "stddev" : 0.000000,
          "percentile" : {
            "1.000000" : 0,
            "5.000000" : 0,
            "10.000000" : 0,
            "20.000000" : 0,
            "30.000000" : 0,
            "40.000000" : 0,
            "50.000000" : 0,
            "60.000000" : 0,
            "70.000000" : 0,
            "80.000000" : 0,
            "90.000000" : 0,
            "95.000000" : 0,
            "99.000000" : 0,
            "99.500000" : 0,
            "99.900000" : 0,
            "99.950000" : 0,
            "99.990000" : 0,
            "0.00" : 0,
            "0.00" : 0,
            "0.00" : 0
          }
        },
        "lat_ns" : {
          "min" : 0,
          "max" : 0,
          "mean" : 0.000000,
          "stddev" : 0.000000
        },
        "bw_min" : 0,
        "bw_max" : 0,
        "bw_agg" : 0.000000,
        "bw_mean" : 0.000000,
        "bw_dev" : 0.000000,
        "bw_samples" : 0,
        "iops_min" : 0,
        "iops_max" : 0,
        "iops_mean" : 0.000000,
        "iops_stddev" : 0.000000,
        "iops_samples" : 0
      },
      "usr_cpu" : 99.692680,
      "sys_cpu" : 0.000333,
      "ctx" : 75,
      "majf" : 0,
      "minf" : 1886,
      "iodepth_level" : {
        "1" : 0.100000,
        "2" : 0.100000,
        "4" : 0.100000,
        "8" : 0.100000,
        "16" : 0.100000,
        "32" : 0.100000,
        ">=64" : 101.671187
      },
      "latency_ns" : {
        "2" : 0.000000,
        "4" : 0.000000,
        "10" : 0.000000,
        "20" : 0.000000,
        "50" : 0.000000,
        "100" : 0.000000,
        "250" : 0.000000,
        "500" : 0.000000,
        "750" : 0.000000,
        "1000" : 0.000000
      },
      "latency_us" : {
        "2" : 0.000000,
        "4" : 0.000000,
        "10" : 0.000000,
        "20" : 0.000000,
        "50" : 0.000000,
        "100" : 0.000000,
        "250" : 0.000000,
        "500" : 0.000000,
        "750" : 0.000000,
        "1000" : 0.000000
      },
      "latency_ms" : {
        "2" : 0.000000,
        "4" : 0.000000,
        "10" : 0.000000,
        "20" : 99.278176,
        "50" : 0.727404,
        "100" : 0.000000,
        "250" : 0.000000,
        "500" : 0.000000,
        "750" : 0.000000,
        "1000" : 0.000000,
        "2000" : 0.000000,
        ">=2000" : 0.000000
      },
      "latency_depth" : 128,
      "latency_target" : 0,
      "latency_percentile" : 100.000000,
      "latency_window" : 0
    }
  ]
}
