{
  "fio version" : "fio-3.3",
  "timestamp" : 1665673642,
  "timestamp_ms" : 1665673642185,
  "time" : "Thu Oct 13 11:07:22 2022",
  "global options" : {
    "iodepth" : "256",
    "direct" : "1",
    "ioengine" : "spdk",
    "thread" : "1",
    "runtime" : "300",
    "ramp_time" : "5",
    "cpus_allowed" : "16",
    "bs" : "128k",
    "rw" : "write",
    "ioengine" : "spdk",
    "thread" : "1",
    "group_reporting" : "1",
    "direct" : "1",
    "verify" : "0"
  },
  "jobs" : [
    {
      "jobname" : "test",
      "groupid" : 0,
      "error" : 0,
      "eta" : 0,
      "elapsed" : 306,
      "job options" : {
        "numjobs" : "1",
        "filename" : "trtype=PCIe  traddr=0000.a2.00.0 ns=1 "
      },
      "read" : {
        "io_bytes" : 0,
        "io_kbytes" : 0,
        "bw_bytes" : 0,
        "bw" : 0,
        "iops" : 0.000000,
        "runtime" : 0,
        "total_ios" : 0,
        "short_ios" : 0,
        "drop_ios" : 0,
        "slat_ns" : {
          "min" : 0,
          "max" : 0,
          "mean" : 0.000000,
          "stddev" : 0.000000
        },
        "clat_ns" : {
          "min" : 0,
          "max" : 0,
          "mean" : 0.000000,
          "stddev" : 0.000000,
          "percentile" : {
            "1.000000" : 0,
            "5.000000" : 0,
            "10.000000" : 0,
            "20.000000" : 0,
            "30.000000" : 0,
            "40.000000" : 0,
            "50.000000" : 0,
            "60.000000" : 0,
            "70.000000" : 0,
            "80.000000" : 0,
            "90.000000" : 0,
            "95.000000" : 0,
            "99.000000" : 0,
            "99.500000" : 0,
            "99.900000" : 0,
            "99.950000" : 0,
            "99.990000" : 0,
            "0.00" : 0,
            "0.00" : 0,
            "0.00" : 0
          }
        },
        "lat_ns" : {
          "min" : 0,
          "max" : 0,
          "mean" : 0.000000,
          "stddev" : 0.000000
        },
        "bw_min" : 0,
        "bw_max" : 0,
        "bw_agg" : 0.000000,
        "bw_mean" : 0.000000,
        "bw_dev" : 0.000000,
        "bw_samples" : 0,
        "iops_min" : 0,
        "iops_max" : 0,
        "iops_mean" : 0.000000,
        "iops_stddev" : 0.000000,
        "iops_samples" : 0
      },
      "write" : {
        "io_bytes" : 1015613882368,
        "io_kbytes" : 991810432,
        "bw_bytes" : 3385153930,
        "bw" : 3305814,
        "iops" : 25825.821612,
        "runtime" : 300020,
        "total_ios" : 7748263,
        "short_ios" : 0,
        "drop_ios" : 0,
        "slat_ns" : {
          "min" : 1646,
          "max" : 396078,
          "mean" : 9456.420080,
          "stddev" : 3560.598696
        },
        "clat_ns" : {
          "min" : 162831,
          "max" : 38560468,
          "mean" : 9902666.485196,
          "stddev" : 8528721.889402,
          "percentile" : {
            "1.000000" : 264192,
            "5.000000" : 305152,
            "10.000000" : 329728,
            "20.000000" : 378880,
            "30.000000" : 610304,
            "40.000000" : 3325952,
            "50.000000" : 9764864,
            "60.000000" : 16056320,
            "70.000000" : 18481152,
            "80.000000" : 19267584,
            "90.000000" : 19791872,
            "95.000000" : 20054016,
            "99.000000" : 23199744,
            "99.500000" : 24248320,
            "99.900000" : 25296896,
            "99.950000" : 25559040,
            "99.990000" : 26083328,
            "0.00" : 0,
            "0.00" : 0,
            "0.00" : 0
          }
        },
        "lat_ns" : {
          "min" : 171431,
          "max" : 38564310,
          "mean" : 9912122.889599,
          "stddev" : 8528706.287430
        },
        "bw_min" : 2950953,
        "bw_max" : 3547056,
        "bw_agg" : 100.000000,
        "bw_mean" : 3333497.210000,
        "bw_dev" : 103651.516334,
        "bw_samples" : 600,
        "iops_min" : 23054,
        "iops_max" : 27711,
        "iops_mean" : 26042.490000,
        "iops_stddev" : 809.785583,
        "iops_samples" : 600
      },
      "trim" : {
        "io_bytes" : 0,
        "io_kbytes" : 0,
        "bw_bytes" : 0,
        "bw" : 0,
        "iops" : 0.000000,
        "runtime" : 0,
        "total_ios" : 0,
        "short_ios" : 0,
        "drop_ios" : 0,
        "slat_ns" : {
          "min" : 0,
          "max" : 0,
          "mean" : 0.000000,
          "stddev" : 0.000000
        },
        "clat_ns" : {
          "min" : 0,
          "max" : 0,
          "mean" : 0.000000,
          "stddev" : 0.000000,
          "percentile" : {
            "1.000000" : 0,
            "5.000000" : 0,
            "10.000000" : 0,
            "20.000000" : 0,
            "30.000000" : 0,
            "40.000000" : 0,
            "50.000000" : 0,
            "60.000000" : 0,
            "70.000000" : 0,
            "80.000000" : 0,
            "90.000000" : 0,
            "95.000000" : 0,
            "99.000000" : 0,
            "99.500000" : 0,
            "99.900000" : 0,
            "99.950000" : 0,
            "99.990000" : 0,
            "0.00" : 0,
            "0.00" : 0,
            "0.00" : 0
          }
        },
        "lat_ns" : {
          "min" : 0,
          "max" : 0,
          "mean" : 0.000000,
          "stddev" : 0.000000
        },
        "bw_min" : 0,
        "bw_max" : 0,
        "bw_agg" : 0.000000,
        "bw_mean" : 0.000000,
        "bw_dev" : 0.000000,
        "bw_samples" : 0,
        "iops_min" : 0,
        "iops_max" : 0,
        "iops_mean" : 0.000000,
        "iops_stddev" : 0.000000,
        "iops_samples" : 0
      },
      "usr_cpu" : 99.827678,
      "sys_cpu" : 0.000000,
      "ctx" : 83,
      "majf" : 0,
      "minf" : 985,
      "iodepth_level" : {
        "1" : 0.100000,
        "2" : 0.100000,
        "4" : 0.100000,
        "8" : 0.100000,
        "16" : 0.100000,
        "32" : 0.100000,
        ">=64" : 101.673433
      },
      "latency_ns" : {
        "2" : 0.000000,
        "4" : 0.000000,
        "10" : 0.000000,
        "20" : 0.000000,
        "50" : 0.000000,
        "100" : 0.000000,
        "250" : 0.000000,
        "500" : 0.000000,
        "750" : 0.000000,
        "1000" : 0.000000
      },
      "latency_us" : {
        "2" : 0.000000,
        "4" : 0.000000,
        "10" : 0.000000,
        "20" : 0.000000,
        "50" : 0.000000,
        "100" : 0.000000,
        "250" : 0.470893,
        "500" : 27.728795,
        "750" : 4.307094,
        "1000" : 1.769713
      },
      "latency_ms" : {
        "2" : 2.784340,
        "4" : 4.138747,
        "10" : 9.088721,
        "20" : 43.425927,
        "50" : 6.289061,
        "100" : 0.000000,
        "250" : 0.000000,
        "500" : 0.000000,
        "750" : 0.000000,
        "1000" : 0.000000,
        "2000" : 0.000000,
        ">=2000" : 0.000000
      },
      "latency_depth" : 256,
      "latency_target" : 0,
      "latency_percentile" : 100.000000,
      "latency_window" : 0
    }
  ]
}
