{
  "fio version" : "fio-3.3",
  "timestamp" : 1665673643,
  "timestamp_ms" : 1665673643030,
  "time" : "Thu Oct 13 11:07:23 2022",
  "global options" : {
    "iodepth" : "256",
    "direct" : "1",
    "ioengine" : "spdk",
    "thread" : "1",
    "runtime" : "300",
    "ramp_time" : "5",
    "cpus_allowed" : "6",
    "bs" : "128k",
    "rw" : "read",
    "ioengine" : "spdk",
    "thread" : "1",
    "group_reporting" : "1",
    "direct" : "1",
    "verify" : "0"
  },
  "jobs" : [
    {
      "jobname" : "test",
      "groupid" : 0,
      "error" : 0,
      "eta" : 0,
      "elapsed" : 307,
      "job options" : {
        "numjobs" : "1",
        "filename" : "trtype=PCIe  traddr=0000.06.00.0 ns=1 "
      },
      "read" : {
        "io_bytes" : 2201236930560,
        "io_kbytes" : 2149645440,
        "bw_bytes" : 7337334146,
        "bw" : 7165365,
        "iops" : 55978.567024,
        "runtime" : 300005,
        "total_ios" : 16793850,
        "short_ios" : 0,
        "drop_ios" : 0,
        "slat_ns" : {
          "min" : 208,
          "max" : 16011,
          "mean" : 302.618385,
          "stddev" : 91.001714
        },
        "clat_ns" : {
          "min" : 131595,
          "max" : 147727512,
          "mean" : 4572656.555166,
          "stddev" : 3408828.791426,
          "percentile" : {
            "1.000000" : 242688,
            "5.000000" : 244736,
            "10.000000" : 244736,
            "20.000000" : 733184,
            "30.000000" : 1957888,
            "40.000000" : 2670592,
            "50.000000" : 5079040,
            "60.000000" : 6258688,
            "70.000000" : 6979584,
            "80.000000" : 8224768,
            "90.000000" : 8716288,
            "95.000000" : 8716288,
            "99.000000" : 11075584,
            "99.500000" : 12517376,
            "99.900000" : 14876672,
            "99.950000" : 16056320,
            "99.990000" : 53215232,
            "0.00" : 0,
            "0.00" : 0,
            "0.00" : 0
          }
        },
        "lat_ns" : {
          "min" : 131942,
          "max" : 147727743,
          "mean" : 4572959.173718,
          "stddev" : 3408837.613273
        },
        "bw_min" : 6433792,
        "bw_max" : 7369438,
        "bw_agg" : 100.000000,
        "bw_mean" : 7202919.595000,
        "bw_dev" : 284457.805990,
        "bw_samples" : 600,
        "iops_min" : 50264,
        "iops_max" : 57573,
        "iops_mean" : 56272.368333,
        "iops_stddev" : 2222.196618,
        "iops_samples" : 600
      },
      "write" : {
        "io_bytes" : 0,
        "io_kbytes" : 0,
        "bw_bytes" : 0,
        "bw" : 0,
        "iops" : 0.000000,
        "runtime" : 0,
        "total_ios" : 0,
        "short_ios" : 0,
        "drop_ios" : 0,
        "slat_ns" : {
          "min" : 0,
          "max" : 0,
          "mean" : 0.000000,
          "stddev" : 0.000000
        },
        "clat_ns" : {
          "min" : 0,
          "max" : 0,
          "mean" : 0.000000,
          "stddev" : 0.000000,
          "percentile" : {
            "1.000000" : 0,
            "5.000000" : 0,
            "10.000000" : 0,
            "20.000000" : 0,
            "30.000000" : 0,
            "40.000000" : 0,
            "50.000000" : 0,
            "60.000000" : 0,
            "70.000000" : 0,
            "80.000000" : 0,
            "90.000000" : 0,
            "95.000000" : 0,
            "99.000000" : 0,
            "99.500000" : 0,
            "99.900000" : 0,
            "99.950000" : 0,
            "99.990000" : 0,
            "0.00" : 0,
            "0.00" : 0,
            "0.00" : 0
          }
        },
        "lat_ns" : {
          "min" : 0,
          "max" : 0,
          "mean" : 0.000000,
          "stddev" : 0.000000
        },
        "bw_min" : 0,
        "bw_max" : 0,
        "bw_agg" : 0.000000,
        "bw_mean" : 0.000000,
        "bw_dev" : 0.000000,
        "bw_samples" : 0,
        "iops_min" : 0,
        "iops_max" : 0,
        "iops_mean" : 0.000000,
        "iops_stddev" : 0.000000,
        "iops_samples" : 0
      },
      "trim" : {
        "io_bytes" : 0,
        "io_kbytes" : 0,
        "bw_bytes" : 0,
        "bw" : 0,
        "iops" : 0.000000,
        "runtime" : 0,
        "total_ios" : 0,
        "short_ios" : 0,
        "drop_ios" : 0,
        "slat_ns" : {
          "min" : 0,
          "max" : 0,
          "mean" : 0.000000,
          "stddev" : 0.000000
        },
        "clat_ns" : {
          "min" : 0,
          "max" : 0,
          "mean" : 0.000000,
          "stddev" : 0.000000,
          "percentile" : {
            "1.000000" : 0,
            "5.000000" : 0,
            "10.000000" : 0,
            "20.000000" : 0,
            "30.000000" : 0,
            "40.000000" : 0,
            "50.000000" : 0,
            "60.000000" : 0,
            "70.000000" : 0,
            "80.000000" : 0,
            "90.000000" : 0,
            "95.000000" : 0,
            "99.000000" : 0,
            "99.500000" : 0,
            "99.900000" : 0,
            "99.950000" : 0,
            "99.990000" : 0,
            "0.00" : 0,
            "0.00" : 0,
            "0.00" : 0
          }
        },
        "lat_ns" : {
          "min" : 0,
          "max" : 0,
          "mean" : 0.000000,
          "stddev" : 0.000000
        },
        "bw_min" : 0,
        "bw_max" : 0,
        "bw_agg" : 0.000000,
        "bw_mean" : 0.000000,
        "bw_dev" : 0.000000,
        "bw_samples" : 0,
        "iops_min" : 0,
        "iops_max" : 0,
        "iops_mean" : 0.000000,
        "iops_stddev" : 0.000000,
        "iops_samples" : 0
      },
      "usr_cpu" : 99.797336,
      "sys_cpu" : 0.000000,
      "ctx" : 4255,
      "majf" : 0,
      "minf" : 845,
      "iodepth_level" : {
        "1" : 0.100000,
        "2" : 0.100000,
        "4" : 0.100000,
        "8" : 0.100000,
        "16" : 0.100000,
        "32" : 0.100000,
        ">=64" : 101.541189
      },
      "latency_ns" : {
        "2" : 0.000000,
        "4" : 0.000000,
        "10" : 0.000000,
        "20" : 0.000000,
        "50" : 0.000000,
        "100" : 0.000000,
        "250" : 0.000000,
        "500" : 0.000000,
        "750" : 0.000000,
        "1000" : 0.000000
      },
      "latency_us" : {
        "2" : 0.000000,
        "4" : 0.000000,
        "10" : 0.000000,
        "20" : 0.000000,
        "50" : 0.000000,
        "100" : 0.000000,
        "250" : 11.654772,
        "500" : 1.354198,
        "750" : 8.756729,
        "1000" : 1.374372
      },
      "latency_ms" : {
        "2" : 13.615234,
        "4" : 12.598136,
        "10" : 49.141692,
        "20" : 1.469318,
        "50" : 0.024914,
        "100" : 0.011719,
        "250" : 0.010000,
        "500" : 0.000000,
        "750" : 0.000000,
        "1000" : 0.000000,
        "2000" : 0.000000,
        ">=2000" : 0.000000
      },
      "latency_depth" : 256,
      "latency_target" : 0,
      "latency_percentile" : 100.000000,
      "latency_window" : 0
    }
  ]
}
