{
  "fio version" : "fio-3.3",
  "timestamp" : 1665620205,
  "timestamp_ms" : 1665620205084,
  "time" : "Wed Oct 12 20:16:45 2022",
  "global options" : {
    "iodepth" : "128",
    "direct" : "1",
    "ioengine" : "spdk",
    "thread" : "1",
    "runtime" : "300",
    "ramp_time" : "5",
    "cpus_allowed" : "14",
    "bs" : "1024k",
    "rw" : "randread",
    "ioengine" : "spdk",
    "thread" : "1",
    "group_reporting" : "1",
    "direct" : "1",
    "verify" : "0"
  },
  "jobs" : [
    {
      "jobname" : "test",
      "groupid" : 0,
      "error" : 0,
      "eta" : 0,
      "elapsed" : 306,
      "job options" : {
        "numjobs" : "1",
        "filename" : "trtype=PCIe  traddr=0000.a0.00.0 ns=1 "
      },
      "read" : {
        "io_bytes" : 2237942202368,
        "io_kbytes" : 2185490432,
        "bw_bytes" : 7459459233,
        "bw" : 7284628,
        "iops" : 7113.511369,
        "runtime" : 300014,
        "total_ios" : 2134153,
        "short_ios" : 0,
        "drop_ios" : 0,
        "slat_ns" : {
          "min" : 247,
          "max" : 409230,
          "mean" : 681.697054,
          "stddev" : 519.225435
        },
        "clat_ns" : {
          "min" : 13839927,
          "max" : 31506748,
          "mean" : 17881293.007839,
          "stddev" : 437333.319269,
          "percentile" : {
            "1.000000" : 16318464,
            "5.000000" : 17170432,
            "10.000000" : 17432576,
            "20.000000" : 17694720,
            "30.000000" : 17694720,
            "40.000000" : 17956864,
            "50.000000" : 17956864,
            "60.000000" : 17956864,
            "70.000000" : 17956864,
            "80.000000" : 17956864,
            "90.000000" : 18219008,
            "95.000000" : 18481152,
            "99.000000" : 19267584,
            "99.500000" : 19529728,
            "99.900000" : 20316160,
            "99.950000" : 20316160,
            "99.990000" : 20840448,
            "0.00" : 0,
            "0.00" : 0,
            "0.00" : 0
          }
        },
        "lat_ns" : {
          "min" : 13840347,
          "max" : 31507414,
          "mean" : 17881974.686009,
          "stddev" : 437410.639477
        },
        "bw_min" : 7264448,
        "bw_max" : 7376937,
        "bw_agg" : 100.000000,
        "bw_mean" : 7319867.225000,
        "bw_dev" : 31768.827696,
        "bw_samples" : 600,
        "iops_min" : 7094,
        "iops_max" : 7204,
        "iops_mean" : 7147.961667,
        "iops_stddev" : 30.968025,
        "iops_samples" : 600
      },
      "write" : {
        "io_bytes" : 0,
        "io_kbytes" : 0,
        "bw_bytes" : 0,
        "bw" : 0,
        "iops" : 0.000000,
        "runtime" : 0,
        "total_ios" : 0,
        "short_ios" : 0,
        "drop_ios" : 0,
        "slat_ns" : {
          "min" : 0,
          "max" : 0,
          "mean" : 0.000000,
          "stddev" : 0.000000
        },
        "clat_ns" : {
          "min" : 0,
          "max" : 0,
          "mean" : 0.000000,
          "stddev" : 0.000000,
          "percentile" : {
            "1.000000" : 0,
            "5.000000" : 0,
            "10.000000" : 0,
            "20.000000" : 0,
            "30.000000" : 0,
            "40.000000" : 0,
            "50.000000" : 0,
            "60.000000" : 0,
            "70.000000" : 0,
            "80.000000" : 0,
            "90.000000" : 0,
            "95.000000" : 0,
            "99.000000" : 0,
            "99.500000" : 0,
            "99.900000" : 0,
            "99.950000" : 0,
            "99.990000" : 0,
            "0.00" : 0,
            "0.00" : 0,
            "0.00" : 0
          }
        },
        "lat_ns" : {
          "min" : 0,
          "max" : 0,
          "mean" : 0.000000,
          "stddev" : 0.000000
        },
        "bw_min" : 0,
        "bw_max" : 0,
        "bw_agg" : 0.000000,
        "bw_mean" : 0.000000,
        "bw_dev" : 0.000000,
        "bw_samples" : 0,
        "iops_min" : 0,
        "iops_max" : 0,
        "iops_mean" : 0.000000,
        "iops_stddev" : 0.000000,
        "iops_samples" : 0
      },
      "trim" : {
        "io_bytes" : 0,
        "io_kbytes" : 0,
        "bw_bytes" : 0,
        "bw" : 0,
        "iops" : 0.000000,
        "runtime" : 0,
        "total_ios" : 0,
        "short_ios" : 0,
        "drop_ios" : 0,
        "slat_ns" : {
          "min" : 0,
          "max" : 0,
          "mean" : 0.000000,
          "stddev" : 0.000000
        },
        "clat_ns" : {
          "min" : 0,
          "max" : 0,
          "mean" : 0.000000,
          "stddev" : 0.000000,
          "percentile" : {
            "1.000000" : 0,
            "5.000000" : 0,
            "10.000000" : 0,
            "20.000000" : 0,
            "30.000000" : 0,
            "40.000000" : 0,
            "50.000000" : 0,
            "60.000000" : 0,
            "70.000000" : 0,
            "80.000000" : 0,
            "90.000000" : 0,
            "95.000000" : 0,
            "99.000000" : 0,
            "99.500000" : 0,
            "99.900000" : 0,
            "99.950000" : 0,
            "99.990000" : 0,
            "0.00" : 0,
            "0.00" : 0,
            "0.00" : 0
          }
        },
        "lat_ns" : {
          "min" : 0,
          "max" : 0,
          "mean" : 0.000000,
          "stddev" : 0.000000
        },
        "bw_min" : 0,
        "bw_max" : 0,
        "bw_agg" : 0.000000,
        "bw_mean" : 0.000000,
        "bw_dev" : 0.000000,
        "bw_samples" : 0,
        "iops_min" : 0,
        "iops_max" : 0,
        "iops_mean" : 0.000000,
        "iops_stddev" : 0.000000,
        "iops_samples" : 0
      },
      "usr_cpu" : 99.688680,
      "sys_cpu" : 0.000000,
      "ctx" : 87,
      "majf" : 0,
      "minf" : 1776,
      "iodepth_level" : {
        "1" : 0.100000,
        "2" : 0.100000,
        "4" : 0.100000,
        "8" : 0.100000,
        "16" : 0.100000,
        "32" : 0.100000,
        ">=64" : 101.671108
      },
      "latency_ns" : {
        "2" : 0.000000,
        "4" : 0.000000,
        "10" : 0.000000,
        "20" : 0.000000,
        "50" : 0.000000,
        "100" : 0.000000,
        "250" : 0.000000,
        "500" : 0.000000,
        "750" : 0.000000,
        "1000" : 0.000000
      },
      "latency_us" : {
        "2" : 0.000000,
        "4" : 0.000000,
        "10" : 0.000000,
        "20" : 0.000000,
        "50" : 0.000000,
        "100" : 0.000000,
        "250" : 0.000000,
        "500" : 0.000000,
        "750" : 0.000000,
        "1000" : 0.000000
      },
      "latency_ms" : {
        "2" : 0.000000,
        "4" : 0.000000,
        "10" : 0.000000,
        "20" : 99.830284,
        "50" : 0.175105,
        "100" : 0.000000,
        "250" : 0.000000,
        "500" : 0.000000,
        "750" : 0.000000,
        "1000" : 0.000000,
        "2000" : 0.000000,
        ">=2000" : 0.000000
      },
      "latency_depth" : 128,
      "latency_target" : 0,
      "latency_percentile" : 100.000000,
      "latency_window" : 0
    }
  ]
}
