{
  "fio version" : "fio-3.3",
  "timestamp" : 1665467703,
  "timestamp_ms" : 1665467703798,
  "time" : "Tue Oct 11 01:55:03 2022",
  "global options" : {
    "iodepth" : "64",
    "direct" : "1",
    "ioengine" : "spdk",
    "thread" : "1",
    "runtime" : "60",
    "ramp_time" : "5",
    "cpus_allowed" : "17-18",
    "bs" : "512k",
    "rw" : "read",
    "ioengine" : "spdk",
    "thread" : "1",
    "group_reporting" : "1",
    "direct" : "1",
    "verify" : "0"
  },
  "jobs" : [
    {
      "jobname" : "test",
      "groupid" : 0,
      "error" : 0,
      "eta" : 0,
      "elapsed" : 67,
      "job options" : {
        "numjobs" : "1",
        "filename" : "trtype=PCIe traddr=0000.7e.00.0 ns=1"
      },
      "read" : {
        "io_bytes" : 410203455488,
        "io_kbytes" : 400589312,
        "bw_bytes" : 6836154578,
        "bw" : 6675932,
        "iops" : 13037.880177,
        "runtime" : 60005,
        "total_ios" : 782338,
        "short_ios" : 0,
        "drop_ios" : 0,
        "slat_ns" : {
          "min" : 221,
          "max" : 3996,
          "mean" : 253.529381,
          "stddev" : 30.808592
        },
        "clat_ns" : {
          "min" : 2748421,
          "max" : 62399743,
          "mean" : 4908047.462729,
          "stddev" : 1254424.529123,
          "percentile" : {
            "1.000000" : 3588096,
            "5.000000" : 3751936,
            "10.000000" : 3817472,
            "20.000000" : 3948544,
            "30.000000" : 4046848,
            "40.000000" : 4145152,
            "50.000000" : 4292608,
            "60.000000" : 4751360,
            "70.000000" : 5341184,
            "80.000000" : 5996544,
            "90.000000" : 6848512,
            "95.000000" : 7503872,
            "99.000000" : 8454144,
            "99.500000" : 8716288,
            "99.900000" : 9109504,
            "99.950000" : 9371648,
            "99.990000" : 9502720,
            "0.00" : 0,
            "0.00" : 0,
            "0.00" : 0
          }
        },
        "lat_ns" : {
          "min" : 2748685,
          "max" : 62399987,
          "mean" : 4908300.991789,
          "stddev" : 1254424.317984
        },
        "bw_min" : 6447104,
        "bw_max" : 7299334,
        "bw_agg" : 100.000000,
        "bw_mean" : 6683234.275000,
        "bw_dev" : 161635.346026,
        "bw_samples" : 120,
        "iops_min" : 12592,
        "iops_max" : 14256,
        "iops_mean" : 13052.941667,
        "iops_stddev" : 315.572583,
        "iops_samples" : 120
      },
      "write" : {
        "io_bytes" : 0,
        "io_kbytes" : 0,
        "bw_bytes" : 0,
        "bw" : 0,
        "iops" : 0.000000,
        "runtime" : 0,
        "total_ios" : 0,
        "short_ios" : 0,
        "drop_ios" : 0,
        "slat_ns" : {
          "min" : 0,
          "max" : 0,
          "mean" : 0.000000,
          "stddev" : 0.000000
        },
        "clat_ns" : {
          "min" : 0,
          "max" : 0,
          "mean" : 0.000000,
          "stddev" : 0.000000,
          "percentile" : {
            "1.000000" : 0,
            "5.000000" : 0,
            "10.000000" : 0,
            "20.000000" : 0,
            "30.000000" : 0,
            "40.000000" : 0,
            "50.000000" : 0,
            "60.000000" : 0,
            "70.000000" : 0,
            "80.000000" : 0,
            "90.000000" : 0,
            "95.000000" : 0,
            "99.000000" : 0,
            "99.500000" : 0,
            "99.900000" : 0,
            "99.950000" : 0,
            "99.990000" : 0,
            "0.00" : 0,
            "0.00" : 0,
            "0.00" : 0
          }
        },
        "lat_ns" : {
          "min" : 0,
          "max" : 0,
          "mean" : 0.000000,
          "stddev" : 0.000000
        },
        "bw_min" : 0,
        "bw_max" : 0,
        "bw_agg" : 0.000000,
        "bw_mean" : 0.000000,
        "bw_dev" : 0.000000,
        "bw_samples" : 0,
        "iops_min" : 0,
        "iops_max" : 0,
        "iops_mean" : 0.000000,
        "iops_stddev" : 0.000000,
        "iops_samples" : 0
      },
      "trim" : {
        "io_bytes" : 0,
        "io_kbytes" : 0,
        "bw_bytes" : 0,
        "bw" : 0,
        "iops" : 0.000000,
        "runtime" : 0,
        "total_ios" : 0,
        "short_ios" : 0,
        "drop_ios" : 0,
        "slat_ns" : {
          "min" : 0,
          "max" : 0,
          "mean" : 0.000000,
          "stddev" : 0.000000
        },
        "clat_ns" : {
          "min" : 0,
          "max" : 0,
          "mean" : 0.000000,
          "stddev" : 0.000000,
          "percentile" : {
            "1.000000" : 0,
            "5.000000" : 0,
            "10.000000" : 0,
            "20.000000" : 0,
            "30.000000" : 0,
            "40.000000" : 0,
            "50.000000" : 0,
            "60.000000" : 0,
            "70.000000" : 0,
            "80.000000" : 0,
            "90.000000" : 0,
            "95.000000" : 0,
            "99.000000" : 0,
            "99.500000" : 0,
            "99.900000" : 0,
            "99.950000" : 0,
            "99.990000" : 0,
            "0.00" : 0,
            "0.00" : 0,
            "0.00" : 0
          }
        },
        "lat_ns" : {
          "min" : 0,
          "max" : 0,
          "mean" : 0.000000,
          "stddev" : 0.000000
        },
        "bw_min" : 0,
        "bw_max" : 0,
        "bw_agg" : 0.000000,
        "bw_mean" : 0.000000,
        "bw_dev" : 0.000000,
        "bw_samples" : 0,
        "iops_min" : 0,
        "iops_max" : 0,
        "iops_mean" : 0.000000,
        "iops_stddev" : 0.000000,
        "iops_samples" : 0
      },
      "usr_cpu" : 99.881675,
      "sys_cpu" : 0.000000,
      "ctx" : 25,
      "majf" : 0,
      "minf" : 130,
      "iodepth_level" : {
        "1" : 0.100000,
        "2" : 0.100000,
        "4" : 0.100000,
        "8" : 0.100000,
        "16" : 0.100000,
        "32" : 0.100000,
        ">=64" : 108.064801
      },
      "latency_ns" : {
        "2" : 0.000000,
        "4" : 0.000000,
        "10" : 0.000000,
        "20" : 0.000000,
        "50" : 0.000000,
        "100" : 0.000000,
        "250" : 0.000000,
        "500" : 0.000000,
        "750" : 0.000000,
        "1000" : 0.000000
      },
      "latency_us" : {
        "2" : 0.000000,
        "4" : 0.000000,
        "10" : 0.000000,
        "20" : 0.000000,
        "50" : 0.000000,
        "100" : 0.000000,
        "250" : 0.000000,
        "500" : 0.000000,
        "750" : 0.000000,
        "1000" : 0.000000
      },
      "latency_ms" : {
        "2" : 0.000000,
        "4" : 25.723281,
        "10" : 74.281704,
        "20" : 0.010000,
        "50" : 0.010000,
        "100" : 0.010000,
        "250" : 0.000000,
        "500" : 0.000000,
        "750" : 0.000000,
        "1000" : 0.000000,
        "2000" : 0.000000,
        ">=2000" : 0.000000
      },
      "latency_depth" : 64,
      "latency_target" : 0,
      "latency_percentile" : 100.000000,
      "latency_window" : 0
    }
  ]
}
