{
  "fio version" : "fio-3.3",
  "timestamp" : 1665673641,
  "timestamp_ms" : 1665673641631,
  "time" : "Thu Oct 13 11:07:21 2022",
  "global options" : {
    "iodepth" : "256",
    "direct" : "1",
    "ioengine" : "spdk",
    "thread" : "1",
    "runtime" : "300",
    "ramp_time" : "5",
    "cpus_allowed" : "5",
    "bs" : "128k",
    "rw" : "write",
    "ioengine" : "spdk",
    "thread" : "1",
    "group_reporting" : "1",
    "direct" : "1",
    "verify" : "0"
  },
  "jobs" : [
    {
      "jobname" : "test",
      "groupid" : 0,
      "error" : 0,
      "eta" : 0,
      "elapsed" : 306,
      "job options" : {
        "numjobs" : "1",
        "filename" : "trtype=PCIe  traddr=0000.c7.00.0 ns=1 "
      },
      "read" : {
        "io_bytes" : 0,
        "io_kbytes" : 0,
        "bw_bytes" : 0,
        "bw" : 0,
        "iops" : 0.000000,
        "runtime" : 0,
        "total_ios" : 0,
        "short_ios" : 0,
        "drop_ios" : 0,
        "slat_ns" : {
          "min" : 0,
          "max" : 0,
          "mean" : 0.000000,
          "stddev" : 0.000000
        },
        "clat_ns" : {
          "min" : 0,
          "max" : 0,
          "mean" : 0.000000,
          "stddev" : 0.000000,
          "percentile" : {
            "1.000000" : 0,
            "5.000000" : 0,
            "10.000000" : 0,
            "20.000000" : 0,
            "30.000000" : 0,
            "40.000000" : 0,
            "50.000000" : 0,
            "60.000000" : 0,
            "70.000000" : 0,
            "80.000000" : 0,
            "90.000000" : 0,
            "95.000000" : 0,
            "99.000000" : 0,
            "99.500000" : 0,
            "99.900000" : 0,
            "99.950000" : 0,
            "99.990000" : 0,
            "0.00" : 0,
            "0.00" : 0,
            "0.00" : 0
          }
        },
        "lat_ns" : {
          "min" : 0,
          "max" : 0,
          "mean" : 0.000000,
          "stddev" : 0.000000
        },
        "bw_min" : 0,
        "bw_max" : 0,
        "bw_agg" : 0.000000,
        "bw_mean" : 0.000000,
        "bw_dev" : 0.000000,
        "bw_samples" : 0,
        "iops_min" : 0,
        "iops_max" : 0,
        "iops_mean" : 0.000000,
        "iops_stddev" : 0.000000,
        "iops_samples" : 0
      },
      "write" : {
        "io_bytes" : 1000414642176,
        "io_kbytes" : 976967424,
        "bw_bytes" : 3334482060,
        "bw" : 3256330,
        "iops" : 25439.229254,
        "runtime" : 300021,
        "total_ios" : 7632303,
        "short_ios" : 0,
        "drop_ios" : 0,
        "slat_ns" : {
          "min" : 1729,
          "max" : 102855,
          "mean" : 9574.871038,
          "stddev" : 3551.980326
        },
        "clat_ns" : {
          "min" : 164058,
          "max" : 39220741,
          "mean" : 10053182.243407,
          "stddev" : 8638718.173496,
          "percentile" : {
            "1.000000" : 264192,
            "5.000000" : 305152,
            "10.000000" : 333824,
            "20.000000" : 387072,
            "30.000000" : 675840,
            "40.000000" : 3489792,
            "50.000000" : 9895936,
            "60.000000" : 16056320,
            "70.000000" : 18743296,
            "80.000000" : 19529728,
            "90.000000" : 20054016,
            "95.000000" : 20840448,
            "99.000000" : 24248320,
            "99.500000" : 24772608,
            "99.900000" : 25821184,
            "99.950000" : 26345472,
            "99.990000" : 28704768,
            "0.00" : 0,
            "0.00" : 0,
            "0.00" : 0
          }
        },
        "lat_ns" : {
          "min" : 174867,
          "max" : 39234171,
          "mean" : 10062757.092914,
          "stddev" : 8638702.223433
        },
        "bw_min" : 2585600,
        "bw_max" : 3544177,
        "bw_agg" : 100.000000,
        "bw_mean" : 3284195.071667,
        "bw_dev" : 148975.039995,
        "bw_samples" : 600,
        "iops_min" : 20200,
        "iops_max" : 27688,
        "iops_mean" : 25657.311667,
        "iops_stddev" : 1163.872124,
        "iops_samples" : 600
      },
      "trim" : {
        "io_bytes" : 0,
        "io_kbytes" : 0,
        "bw_bytes" : 0,
        "bw" : 0,
        "iops" : 0.000000,
        "runtime" : 0,
        "total_ios" : 0,
        "short_ios" : 0,
        "drop_ios" : 0,
        "slat_ns" : {
          "min" : 0,
          "max" : 0,
          "mean" : 0.000000,
          "stddev" : 0.000000
        },
        "clat_ns" : {
          "min" : 0,
          "max" : 0,
          "mean" : 0.000000,
          "stddev" : 0.000000,
          "percentile" : {
            "1.000000" : 0,
            "5.000000" : 0,
            "10.000000" : 0,
            "20.000000" : 0,
            "30.000000" : 0,
            "40.000000" : 0,
            "50.000000" : 0,
            "60.000000" : 0,
            "70.000000" : 0,
            "80.000000" : 0,
            "90.000000" : 0,
            "95.000000" : 0,
            "99.000000" : 0,
            "99.500000" : 0,
            "99.900000" : 0,
            "99.950000" : 0,
            "99.990000" : 0,
            "0.00" : 0,
            "0.00" : 0,
            "0.00" : 0
          }
        },
        "lat_ns" : {
          "min" : 0,
          "max" : 0,
          "mean" : 0.000000,
          "stddev" : 0.000000
        },
        "bw_min" : 0,
        "bw_max" : 0,
        "bw_agg" : 0.000000,
        "bw_mean" : 0.000000,
        "bw_dev" : 0.000000,
        "bw_samples" : 0,
        "iops_min" : 0,
        "iops_max" : 0,
        "iops_mean" : 0.000000,
        "iops_stddev" : 0.000000,
        "iops_samples" : 0
      },
      "usr_cpu" : 99.808679,
      "sys_cpu" : 0.000000,
      "ctx" : 79,
      "majf" : 0,
      "minf" : 851,
      "iodepth_level" : {
        "1" : 0.100000,
        "2" : 0.100000,
        "4" : 0.100000,
        "8" : 0.100000,
        "16" : 0.100000,
        "32" : 0.100000,
        ">=64" : 101.671134
      },
      "latency_ns" : {
        "2" : 0.000000,
        "4" : 0.000000,
        "10" : 0.000000,
        "20" : 0.000000,
        "50" : 0.000000,
        "100" : 0.000000,
        "250" : 0.000000,
        "500" : 0.000000,
        "750" : 0.000000,
        "1000" : 0.000000
      },
      "latency_us" : {
        "2" : 0.000000,
        "4" : 0.000000,
        "10" : 0.000000,
        "20" : 0.000000,
        "50" : 0.000000,
        "100" : 0.000000,
        "250" : 0.464211,
        "500" : 26.382037,
        "750" : 4.334760,
        "1000" : 1.981368
      },
      "latency_ms" : {
        "2" : 3.370752,
        "4" : 4.319338,
        "10" : 9.353153,
        "20" : 39.068339,
        "50" : 10.729383,
        "100" : 0.000000,
        "250" : 0.000000,
        "500" : 0.000000,
        "750" : 0.000000,
        "1000" : 0.000000,
        "2000" : 0.000000,
        ">=2000" : 0.000000
      },
      "latency_depth" : 256,
      "latency_target" : 0,
      "latency_percentile" : 100.000000,
      "latency_window" : 0
    }
  ]
}
