{
  "fio version" : "fio-3.3",
  "timestamp" : 1665467563,
  "timestamp_ms" : 1665467563588,
  "time" : "Tue Oct 11 01:52:43 2022",
  "global options" : {
    "iodepth" : "64",
    "direct" : "1",
    "ioengine" : "spdk",
    "thread" : "1",
    "runtime" : "60",
    "ramp_time" : "5",
    "cpus_allowed" : "9-10",
    "bs" : "128k",
    "rw" : "read",
    "ioengine" : "spdk",
    "thread" : "1",
    "group_reporting" : "1",
    "direct" : "1",
    "verify" : "0"
  },
  "jobs" : [
    {
      "jobname" : "test",
      "groupid" : 0,
      "error" : 0,
      "eta" : 0,
      "elapsed" : 66,
      "job options" : {
        "numjobs" : "1",
        "filename" : "trtype=PCIe traddr=0000.08.00.0 ns=1"
      },
      "read" : {
        "io_bytes" : 400752902144,
        "io_kbytes" : 391360256,
        "bw_bytes" : 6678992402,
        "bw" : 6522453,
        "iops" : 50955.618146,
        "runtime" : 60002,
        "total_ios" : 3057439,
        "short_ios" : 0,
        "drop_ios" : 0,
        "slat_ns" : {
          "min" : 68,
          "max" : 363269,
          "mean" : 84.044745,
          "stddev" : 208.517570
        },
        "clat_ns" : {
          "min" : 21552,
          "max" : 7440869,
          "mean" : 1255691.445125,
          "stddev" : 1079030.298396,
          "percentile" : {
            "1.000000" : 224256,
            "5.000000" : 292864,
            "10.000000" : 350208,
            "20.000000" : 444416,
            "30.000000" : 505856,
            "40.000000" : 659456,
            "50.000000" : 1089536,
            "60.000000" : 1269760,
            "70.000000" : 1400832,
            "80.000000" : 1564672,
            "90.000000" : 2834432,
            "95.000000" : 3817472,
            "99.000000" : 5079040,
            "99.500000" : 5406720,
            "99.900000" : 6193152,
            "99.950000" : 6389760,
            "99.990000" : 6717440,
            "0.00" : 0,
            "0.00" : 0,
            "0.00" : 0
          }
        },
        "lat_ns" : {
          "min" : 21649,
          "max" : 7440945,
          "mean" : 1255775.489779,
          "stddev" : 1079030.285985
        },
        "bw_min" : 6451712,
        "bw_max" : 7302156,
        "bw_agg" : 100.000000,
        "bw_mean" : 6528975.325000,
        "bw_dev" : 128507.637737,
        "bw_samples" : 120,
        "iops_min" : 50404,
        "iops_max" : 57048,
        "iops_mean" : 51007.458333,
        "iops_stddev" : 1003.877231,
        "iops_samples" : 120
      },
      "write" : {
        "io_bytes" : 0,
        "io_kbytes" : 0,
        "bw_bytes" : 0,
        "bw" : 0,
        "iops" : 0.000000,
        "runtime" : 0,
        "total_ios" : 0,
        "short_ios" : 0,
        "drop_ios" : 0,
        "slat_ns" : {
          "min" : 0,
          "max" : 0,
          "mean" : 0.000000,
          "stddev" : 0.000000
        },
        "clat_ns" : {
          "min" : 0,
          "max" : 0,
          "mean" : 0.000000,
          "stddev" : 0.000000,
          "percentile" : {
            "1.000000" : 0,
            "5.000000" : 0,
            "10.000000" : 0,
            "20.000000" : 0,
            "30.000000" : 0,
            "40.000000" : 0,
            "50.000000" : 0,
            "60.000000" : 0,
            "70.000000" : 0,
            "80.000000" : 0,
            "90.000000" : 0,
            "95.000000" : 0,
            "99.000000" : 0,
            "99.500000" : 0,
            "99.900000" : 0,
            "99.950000" : 0,
            "99.990000" : 0,
            "0.00" : 0,
            "0.00" : 0,
            "0.00" : 0
          }
        },
        "lat_ns" : {
          "min" : 0,
          "max" : 0,
          "mean" : 0.000000,
          "stddev" : 0.000000
        },
        "bw_min" : 0,
        "bw_max" : 0,
        "bw_agg" : 0.000000,
        "bw_mean" : 0.000000,
        "bw_dev" : 0.000000,
        "bw_samples" : 0,
        "iops_min" : 0,
        "iops_max" : 0,
        "iops_mean" : 0.000000,
        "iops_stddev" : 0.000000,
        "iops_samples" : 0
      },
      "trim" : {
        "io_bytes" : 0,
        "io_kbytes" : 0,
        "bw_bytes" : 0,
        "bw" : 0,
        "iops" : 0.000000,
        "runtime" : 0,
        "total_ios" : 0,
        "short_ios" : 0,
        "drop_ios" : 0,
        "slat_ns" : {
          "min" : 0,
          "max" : 0,
          "mean" : 0.000000,
          "stddev" : 0.000000
        },
        "clat_ns" : {
          "min" : 0,
          "max" : 0,
          "mean" : 0.000000,
          "stddev" : 0.000000,
          "percentile" : {
            "1.000000" : 0,
            "5.000000" : 0,
            "10.000000" : 0,
            "20.000000" : 0,
            "30.000000" : 0,
            "40.000000" : 0,
            "50.000000" : 0,
            "60.000000" : 0,
            "70.000000" : 0,
            "80.000000" : 0,
            "90.000000" : 0,
            "95.000000" : 0,
            "99.000000" : 0,
            "99.500000" : 0,
            "99.900000" : 0,
            "99.950000" : 0,
            "99.990000" : 0,
            "0.00" : 0,
            "0.00" : 0,
            "0.00" : 0
          }
        },
        "lat_ns" : {
          "min" : 0,
          "max" : 0,
          "mean" : 0.000000,
          "stddev" : 0.000000
        },
        "bw_min" : 0,
        "bw_max" : 0,
        "bw_agg" : 0.000000,
        "bw_mean" : 0.000000,
        "bw_dev" : 0.000000,
        "bw_samples" : 0,
        "iops_min" : 0,
        "iops_max" : 0,
        "iops_mean" : 0.000000,
        "iops_stddev" : 0.000000,
        "iops_samples" : 0
      },
      "usr_cpu" : 99.853336,
      "sys_cpu" : 0.015000,
      "ctx" : 233,
      "majf" : 0,
      "minf" : 121,
      "iodepth_level" : {
        "1" : 0.100000,
        "2" : 0.100000,
        "4" : 0.100000,
        "8" : 0.100000,
        "16" : 0.100000,
        "32" : 0.100000,
        ">=64" : 108.481837
      },
      "latency_ns" : {
        "2" : 0.000000,
        "4" : 0.000000,
        "10" : 0.000000,
        "20" : 0.000000,
        "50" : 0.000000,
        "100" : 0.000000,
        "250" : 0.000000,
        "500" : 0.000000,
        "750" : 0.000000,
        "1000" : 0.000000
      },
      "latency_us" : {
        "2" : 0.000000,
        "4" : 0.000000,
        "10" : 0.000000,
        "20" : 0.000000,
        "50" : 0.010000,
        "100" : 0.010000,
        "250" : 2.124229,
        "500" : 27.407317,
        "750" : 13.615873,
        "1000" : 4.336636
      },
      "latency_ms" : {
        "2" : 38.492902,
        "4" : 9.861129,
        "10" : 4.163779,
        "20" : 0.000000,
        "50" : 0.000000,
        "100" : 0.000000,
        "250" : 0.000000,
        "500" : 0.000000,
        "750" : 0.000000,
        "1000" : 0.000000,
        "2000" : 0.000000,
        ">=2000" : 0.000000
      },
      "latency_depth" : 64,
      "latency_target" : 0,
      "latency_percentile" : 100.000000,
      "latency_window" : 0
    }
  ]
}
