{
  "fio version" : "fio-3.3",
  "timestamp" : 1665467634,
  "timestamp_ms" : 1665467634985,
  "time" : "Tue Oct 11 01:53:54 2022",
  "global options" : {
    "iodepth" : "64",
    "direct" : "1",
    "ioengine" : "spdk",
    "thread" : "1",
    "runtime" : "60",
    "ramp_time" : "5",
    "cpus_allowed" : "15-16",
    "bs" : "256k",
    "rw" : "read",
    "ioengine" : "spdk",
    "thread" : "1",
    "group_reporting" : "1",
    "direct" : "1",
    "verify" : "0"
  },
  "jobs" : [
    {
      "jobname" : "test",
      "groupid" : 0,
      "error" : 0,
      "eta" : 0,
      "elapsed" : 67,
      "job options" : {
        "numjobs" : "1",
        "filename" : "trtype=PCIe traddr=0000.7d.00.0 ns=1"
      },
      "read" : {
        "io_bytes" : 405912420352,
        "io_kbytes" : 396398848,
        "bw_bytes" : 6764981506,
        "bw" : 6606427,
        "iops" : 25805.306490,
        "runtime" : 60002,
        "total_ios" : 1548370,
        "short_ios" : 0,
        "drop_ios" : 0,
        "slat_ns" : {
          "min" : 424,
          "max" : 6189,
          "mean" : 475.038497,
          "stddev" : 48.520942
        },
        "clat_ns" : {
          "min" : 564482,
          "max" : 80199007,
          "mean" : 2479369.954781,
          "stddev" : 1418947.186182,
          "percentile" : {
            "1.000000" : 1286144,
            "5.000000" : 1433600,
            "10.000000" : 1499136,
            "20.000000" : 1597440,
            "30.000000" : 1679360,
            "40.000000" : 1744896,
            "50.000000" : 1810432,
            "60.000000" : 1908736,
            "70.000000" : 2211840,
            "80.000000" : 3522560,
            "90.000000" : 4816896,
            "95.000000" : 5668864,
            "99.000000" : 7045120,
            "99.500000" : 7503872,
            "99.900000" : 8159232,
            "99.950000" : 8355840,
            "99.990000" : 8716288,
            "0.00" : 0,
            "0.00" : 0,
            "0.00" : 0
          }
        },
        "lat_ns" : {
          "min" : 564957,
          "max" : 80199511,
          "mean" : 2479844.993066,
          "stddev" : 1418947.175270
        },
        "bw_min" : 6449250,
        "bw_max" : 7292665,
        "bw_agg" : 100.000000,
        "bw_mean" : 6612252.250000,
        "bw_dev" : 174612.167350,
        "bw_samples" : 120,
        "iops_min" : 25192,
        "iops_max" : 28486,
        "iops_mean" : 25828.825000,
        "iops_stddev" : 681.985974,
        "iops_samples" : 120
      },
      "write" : {
        "io_bytes" : 0,
        "io_kbytes" : 0,
        "bw_bytes" : 0,
        "bw" : 0,
        "iops" : 0.000000,
        "runtime" : 0,
        "total_ios" : 0,
        "short_ios" : 0,
        "drop_ios" : 0,
        "slat_ns" : {
          "min" : 0,
          "max" : 0,
          "mean" : 0.000000,
          "stddev" : 0.000000
        },
        "clat_ns" : {
          "min" : 0,
          "max" : 0,
          "mean" : 0.000000,
          "stddev" : 0.000000,
          "percentile" : {
            "1.000000" : 0,
            "5.000000" : 0,
            "10.000000" : 0,
            "20.000000" : 0,
            "30.000000" : 0,
            "40.000000" : 0,
            "50.000000" : 0,
            "60.000000" : 0,
            "70.000000" : 0,
            "80.000000" : 0,
            "90.000000" : 0,
            "95.000000" : 0,
            "99.000000" : 0,
            "99.500000" : 0,
            "99.900000" : 0,
            "99.950000" : 0,
            "99.990000" : 0,
            "0.00" : 0,
            "0.00" : 0,
            "0.00" : 0
          }
        },
        "lat_ns" : {
          "min" : 0,
          "max" : 0,
          "mean" : 0.000000,
          "stddev" : 0.000000
        },
        "bw_min" : 0,
        "bw_max" : 0,
        "bw_agg" : 0.000000,
        "bw_mean" : 0.000000,
        "bw_dev" : 0.000000,
        "bw_samples" : 0,
        "iops_min" : 0,
        "iops_max" : 0,
        "iops_mean" : 0.000000,
        "iops_stddev" : 0.000000,
        "iops_samples" : 0
      },
      "trim" : {
        "io_bytes" : 0,
        "io_kbytes" : 0,
        "bw_bytes" : 0,
        "bw" : 0,
        "iops" : 0.000000,
        "runtime" : 0,
        "total_ios" : 0,
        "short_ios" : 0,
        "drop_ios" : 0,
        "slat_ns" : {
          "min" : 0,
          "max" : 0,
          "mean" : 0.000000,
          "stddev" : 0.000000
        },
        "clat_ns" : {
          "min" : 0,
          "max" : 0,
          "mean" : 0.000000,
          "stddev" : 0.000000,
          "percentile" : {
            "1.000000" : 0,
            "5.000000" : 0,
            "10.000000" : 0,
            "20.000000" : 0,
            "30.000000" : 0,
            "40.000000" : 0,
            "50.000000" : 0,
            "60.000000" : 0,
            "70.000000" : 0,
            "80.000000" : 0,
            "90.000000" : 0,
            "95.000000" : 0,
            "99.000000" : 0,
            "99.500000" : 0,
            "99.900000" : 0,
            "99.950000" : 0,
            "99.990000" : 0,
            "0.00" : 0,
            "0.00" : 0,
            "0.00" : 0
          }
        },
        "lat_ns" : {
          "min" : 0,
          "max" : 0,
          "mean" : 0.000000,
          "stddev" : 0.000000
        },
        "bw_min" : 0,
        "bw_max" : 0,
        "bw_agg" : 0.000000,
        "bw_mean" : 0.000000,
        "bw_dev" : 0.000000,
        "bw_samples" : 0,
        "iops_min" : 0,
        "iops_max" : 0,
        "iops_mean" : 0.000000,
        "iops_stddev" : 0.000000,
        "iops_samples" : 0
      },
      "usr_cpu" : 99.845003,
      "sys_cpu" : 0.000000,
      "ctx" : 15,
      "majf" : 0,
      "minf" : 234,
      "iodepth_level" : {
        "1" : 0.100000,
        "2" : 0.100000,
        "4" : 0.100000,
        "8" : 0.100000,
        "16" : 0.100000,
        "32" : 0.100000,
        ">=64" : 108.425118
      },
      "latency_ns" : {
        "2" : 0.000000,
        "4" : 0.000000,
        "10" : 0.000000,
        "20" : 0.000000,
        "50" : 0.000000,
        "100" : 0.000000,
        "250" : 0.000000,
        "500" : 0.000000,
        "750" : 0.000000,
        "1000" : 0.000000
      },
      "latency_us" : {
        "2" : 0.000000,
        "4" : 0.000000,
        "10" : 0.000000,
        "20" : 0.000000,
        "50" : 0.000000,
        "100" : 0.000000,
        "250" : 0.000000,
        "500" : 0.000000,
        "750" : 0.010000,
        "1000" : 0.034423
      },
      "latency_ms" : {
        "2" : 65.141278,
        "4" : 18.380684,
        "10" : 16.444261,
        "20" : 0.010000,
        "50" : 0.010000,
        "100" : 0.010000,
        "250" : 0.000000,
        "500" : 0.000000,
        "750" : 0.000000,
        "1000" : 0.000000,
        "2000" : 0.000000,
        ">=2000" : 0.000000
      },
      "latency_depth" : 64,
      "latency_target" : 0,
      "latency_percentile" : 100.000000,
      "latency_window" : 0
    }
  ]
}
